{
	"level_seeds": [
		{
			"dim": "witherstormmod:bowels",
			"seed": -2837821199102870971
		},
		{
			"dim": "minecraft:the_end",
			"seed": -2837821199102870971
		},
		{
			"dim": "minecraft:overworld",
			"seed": -2837821199102870971
		},
		{
			"dim": "minecraft:the_nether",
			"seed": -2837821199102870971
		}
	],
	"structure_seeds": [
		{
			"dim": "witherstormmod:bowels",
			"seed": -2837821199102870971
		},
		{
			"dim": "minecraft:the_end",
			"seed": -2837821199102870971
		},
		{
			"dim": "minecraft:overworld",
			"seed": -2837821199102870971
		},
		{
			"dim": "minecraft:the_nether",
			"seed": -2837821199102870971
		}
	]
}